{
  "1h": {
    "MAE": 60.45798304069375,
    "MSE": 4518.074038315274,
    "RMSE": 67.21662025358962,
    "MAPE": 13.79833972275814,
    "R2": -0.5716858818217037,
    "Directional_Accuracy": 28.57142857142857,
    "predictions": "[497.34436 497.18195 497.19    497.36633 497.67612 498.07684 498.48245\n 498.84857 499.20346 499.37247 499.56442 499.6595  499.74103 499.65564\n 499.5039 ]",
    "actual": "[570.71067812 550.         525.88190451 500.         474.11809549\n 450.         429.28932188 413.39745962 403.40741737 400.\n 403.40741737 413.39745962 429.28932188 450.         474.11809549]"
  },
  "6h": {
    "MAE": 67.4234469000055,
    "MSE": 5476.800018240236,
    "RMSE": 74.00540533123399,
    "MAPE": 15.254085663596841,
    "R2": -0.4091230150061176,
    "Directional_Accuracy": 71.42857142857143,
    "predictions": "[506.17526 506.4461  506.7785  507.04807 507.19772 507.35663 507.60114\n 507.97073 508.38882 508.79376 508.996   509.21912 509.46716 509.75317\n 509.85022]",
    "actual": "[450.         429.28932188 413.39745962 403.40741737 400.\n 403.40741737 413.39745962 429.28932188 450.         474.11809549\n 500.         525.88190451 550.         570.71067812 586.60254038]"
  },
  "24h": {
    "MAE": 68.99504724180237,
    "MSE": 5743.336996200518,
    "RMSE": 75.78480715948625,
    "MAPE": 15.626483395412876,
    "R2": -0.47770017479707483,
    "Directional_Accuracy": 21.428571428571427,
    "predictions": "[509.31723 509.8007  510.18524 510.52295 510.67734 510.81656 510.88742\n 510.92508 510.90866 510.5157  509.84015 509.29828 508.65558 507.95108\n 507.38736]",
    "actual": "[586.60254038 570.71067812 550.         525.88190451 500.\n 474.11809549 450.         429.28932188 413.39745962 403.40741737\n 400.         403.40741737 413.39745962 429.28932188 450.        ]"
  },
  "overall": {
    "MAE": 65.62549239416721,
    "RMSE": 72.33561091476996,
    "MAPE": 14.89296959392262,
    "R2": -0.486169690541632
  }
}