{
  "analysis_date": "2025-07-06T18:55:32.811158",
  "data_source": "Enhanced synthetic data",
  "data_records": 2718,
  "target_variables": [
    "energy_demand",
    "solar_generation",
    "wind_generation"
  ],
  "forecast_horizons": [
    1,
    6,
    24
  ],
  "base_learners_count": 12,
  "base_learners_categories": {
    "neural": [
      "neural_network"
    ],
    "tree": [
      "random_forest",
      "extra_trees"
    ],
    "kernel": [
      "svr_rbf"
    ],
    "instance": [
      "knn"
    ],
    "boosting": [
      "gradient_boosting",
      "xgboost",
      "lightgbm"
    ],
    "bayesian": [
      "bayesian_ridge"
    ],
    "linear": [
      "linear_regression",
      "ridge_regression",
      "elastic_net"
    ]
  },
  "ensemble_methods": [
    "mean_ensemble",
    "performance_weighted",
    "median_ensemble",
    "stacked_ensemble",
    "bayesian_ensemble"
  ],
  "evaluation_results": {
    "energy_demand": {
      "1h": {
        "mean_ensemble": {
          "MAE": 59.81424399615169,
          "RMSE": 74.73051439905633,
          "R2": 0.8590231092799996,
          "MAPE": 7.278100685664538,
          "uncertainty_mean": 50.35199038082435
        },
        "performance_weighted": {
          "MAE": 57.98363374860713,
          "RMSE": 72.5215683018096,
          "R2": 0.8672341564854502,
          "MAPE": 7.073859449095073,
          "uncertainty_mean": 50.35199038082435
        },
        "median_ensemble": {
          "MAE": 58.581800661759175,
          "RMSE": 73.26752956313076,
          "R2": 0.8644888343758981,
          "MAPE": 7.129915965566829,
          "uncertainty_mean": 50.35199038082435
        },
        "stacked_ensemble": {
          "MAE": 63.08832280542433,
          "RMSE": 78.7786901735516,
          "R2": 0.8433358972180857,
          "MAPE": 7.317550896399684,
          "uncertainty_mean": 50.35199038082435
        },
        "bayesian_ensemble": {
          "MAE": 59.221714658697266,
          "RMSE": 73.86715874790553,
          "R2": 0.8622616825684749,
          "MAPE": 7.1880987520396165,
          "uncertainty_mean": 41.58859180794522
        }
      },
      "6h": {
        "mean_ensemble": {
          "MAE": 76.00411668676844,
          "RMSE": 96.47948002137987,
          "R2": 0.7650682704827664,
          "MAPE": 9.504811492081599,
          "uncertainty_mean": 57.49039699545006
        },
        "performance_weighted": {
          "MAE": 74.67723998254729,
          "RMSE": 94.93933301754122,
          "R2": 0.7725090521575757,
          "MAPE": 9.35183941889971,
          "uncertainty_mean": 57.49039699545006
        },
        "median_ensemble": {
          "MAE": 75.62675977371381,
          "RMSE": 95.84032009862766,
          "R2": 0.7681707241338717,
          "MAPE": 9.499084394567229,
          "uncertainty_mean": 57.49039699545006
        },
        "stacked_ensemble": {
          "MAE": 78.81966813430877,
          "RMSE": 99.85874482026925,
          "R2": 0.7483227422407979,
          "MAPE": 9.468808933810893,
          "uncertainty_mean": 57.49039699545006
        },
        "bayesian_ensemble": {
          "MAE": 76.37090248776252,
          "RMSE": 96.66442150388747,
          "R2": 0.7641667261199638,
          "MAPE": 9.657873556938771,
          "uncertainty_mean": 45.39364569625509
        }
      },
      "24h": {
        "mean_ensemble": {
          "MAE": 77.32536933712377,
          "RMSE": 96.74259148824444,
          "R2": 0.7650852139608357,
          "MAPE": 9.484470675859495,
          "uncertainty_mean": 55.06263721742172
        },
        "performance_weighted": {
          "MAE": 76.00941605762095,
          "RMSE": 95.02082812749897,
          "R2": 0.7733725346875433,
          "MAPE": 9.338716782952,
          "uncertainty_mean": 55.06263721742172
        },
        "median_ensemble": {
          "MAE": 76.31811663971537,
          "RMSE": 95.2610936724416,
          "R2": 0.772225004962614,
          "MAPE": 9.402928257824477,
          "uncertainty_mean": 55.06263721742172
        },
        "stacked_ensemble": {
          "MAE": 78.33271516588987,
          "RMSE": 98.11319203414179,
          "R2": 0.7583817524453489,
          "MAPE": 9.303523087728506,
          "uncertainty_mean": 55.06263721742172
        },
        "bayesian_ensemble": {
          "MAE": 74.94057319110333,
          "RMSE": 93.9461800295873,
          "R2": 0.7784696819471825,
          "MAPE": 9.218601360560355,
          "uncertainty_mean": 42.729661248996386
        }
      }
    },
    "solar_generation": {
      "1h": {
        "mean_ensemble": {
          "MAE": 21.703219935258154,
          "RMSE": 30.41111361144017,
          "R2": 0.9388747916092012,
          "MAPE": 35172246050.00647,
          "uncertainty_mean": 25.032743034345316
        },
        "performance_weighted": {
          "MAE": 20.11227634002627,
          "RMSE": 28.991605129635825,
          "R2": 0.9444479324635059,
          "MAPE": 28071125485.959805,
          "uncertainty_mean": 25.032743034345316
        },
        "median_ensemble": {
          "MAE": 20.26611986417169,
          "RMSE": 29.691245966964463,
          "R2": 0.9417343560100739,
          "MAPE": 28103261479.652386,
          "uncertainty_mean": 25.032743034345316
        },
        "stacked_ensemble": {
          "MAE": 23.803599021844036,
          "RMSE": 31.62053152204324,
          "R2": 0.9339163477490251,
          "MAPE": 47508744527.75574,
          "uncertainty_mean": 25.032743034345316
        },
        "bayesian_ensemble": {
          "MAE": 19.215782019447992,
          "RMSE": 28.481730776678496,
          "R2": 0.9463847347006321,
          "MAPE": 24719695637.545425,
          "uncertainty_mean": 14.63179431069257
        }
      },
      "6h": {
        "mean_ensemble": {
          "MAE": 22.633544112447005,
          "RMSE": 30.78386686883238,
          "R2": 0.9374213895309442,
          "MAPE": 44847739760.30929,
          "uncertainty_mean": 27.648574526183687
        },
        "performance_weighted": {
          "MAE": 20.662925133186402,
          "RMSE": 28.909436888967054,
          "R2": 0.944810197997616,
          "MAPE": 37088817403.76145,
          "uncertainty_mean": 27.648574526183687
        },
        "median_ensemble": {
          "MAE": 20.85458159624833,
          "RMSE": 29.4161187207287,
          "R2": 0.9428586744867402,
          "MAPE": 38549156592.09405,
          "uncertainty_mean": 27.648574526183687
        },
        "stacked_ensemble": {
          "MAE": 24.753909219241667,
          "RMSE": 33.99283820758651,
          "R2": 0.9236947489291555,
          "MAPE": 42627146075.50212,
          "uncertainty_mean": 27.648574526183687
        },
        "bayesian_ensemble": {
          "MAE": 19.42317921278077,
          "RMSE": 28.103118987452277,
          "R2": 0.9478458807565588,
          "MAPE": 30299820652.682526,
          "uncertainty_mean": 13.19405626808168
        }
      },
      "24h": {
        "mean_ensemble": {
          "MAE": 20.00262605725991,
          "RMSE": 30.089830610069306,
          "R2": 0.9403583771138375,
          "MAPE": 20564507320.32004,
          "uncertainty_mean": 21.77855999563064
        },
        "performance_weighted": {
          "MAE": 18.60049260290835,
          "RMSE": 28.52818991550163,
          "R2": 0.9463884454369734,
          "MAPE": 16017516080.832735,
          "uncertainty_mean": 21.77855999563064
        },
        "median_ensemble": {
          "MAE": 18.387644106862403,
          "RMSE": 28.476212821199855,
          "R2": 0.9465836232123249,
          "MAPE": 16543952254.94398,
          "uncertainty_mean": 21.77855999563064
        },
        "stacked_ensemble": {
          "MAE": 22.723078291046242,
          "RMSE": 30.492221073413788,
          "R2": 0.9387525395116498,
          "MAPE": 44975855079.38848,
          "uncertainty_mean": 21.77855999563064
        },